Codigo	Descripcion	Precio Costo	Precio Venta	Precio Mayoreo	Inventario	Inv. Minimo	Departamento
2030	ALICATE ABRIR ARANDELAS RECTO 180 MM Q807	$17530.00	$34800.00	$0.00	1.00	0.000	HERRAMIENTAS
2013	ALICATE PUNTA SEMI REDONDA 160 MM Q306	$13700.00	$27400.00	$0.00	3.00	1	HERRAMIENTAS
2014	ALICATE PUNTA SEMI REDONDA 180 MM	$17900.00	$35800.00	$0.00	3.00	1	HERRAMIENTAS
12004	ANTEOJOS DE SEGURIDAD UCU	$1400.00	$2800.00	$0.00	72.00	20	SEGURIDAD
8034	ARANDELAS (B) 1/4 CHAPISTA ZINCADO	$40.00	$80.00	$0.00	185.00	80	BULONERIA
8007	ARANDELAS (D) 3/8 CHAPISTA ZINCADO	$70.00	$150.00	$0.00	112.00	30	BULONERIA
8006	ARANDELAS (F) 1/2 CHAPISTA ZINCADO	$238.00	$500.00	$0.00	93.00	20	BULONERIA
6	ARCO DE SIERRA PROFESIONAL CL	$16850.00	$33700.00	$0.00	2.00	1	- Sin Departamento -
8028	AUTOP PARA MADERA (Z) 10X2 NEGROS RAPTOR	$64.00	$130.00	$0.00	200.00	50	BULONERIA
8027	AUTOP PVC AGUJA 4X25	$26.00	$50.00	$0.00	2000.00	500	BULONERIA
8026	AUTOP T1 MECHA (H) 10X1	$45.00	$100.00	$0.00	2885.00	500	BULONERIA
8025	AUTOP T1 MECHA (I) 10X1.1/2	$68.00	$135.00	$0.00	3000.00	500	BULONERIA
2015	AlLICATE PRESION DE 5 1/2 Q505	$10424.00	$20000.00	$0.00	1.00	0.000	HERRAMIENTAS
2016	Alicate Universal Q701 120mm	$10143.00	$20280.00	$0.00	3.00	1	HERRAMIENTAS
10019	BANDEJAS PLANAS	$3028.00	$5800.00	$0.00	3.00	1	PINTURERIA
12000	BARBIJO KN95	$1735.00	$1000.00	$0.00	60.00	10	SEGURIDAD
30	BROCA DIAMANTADA P/ AMOLADORA 35 MM	$21050.00	$41100.00	$0.00	1.00	0.000	- Sin Departamento -
27	BROCA ESCALONADA ACERO RAPIDO 4 A 12MM RAPTOR	$13380.00	$26300.00	$0.00	3.00	1	- Sin Departamento -
25	BROCA ESCALONADA ACERO RAPIDO 6 A 18MM RAPTOR	$21396.00	$42000.00	$0.00	3.00	1	- Sin Departamento -
14015	CABLE TIPO TALLER CU PVC 3X1,5MM2 500V METRO PIM	$1600.00	$3200.00	$0.00	300.00	70	ELECTRICIDAD
14007	CABLE UNIPOLAR FLEXIBLE CU PVC 1X1,5 MM2 MARRON 750V METRO	$403.00	$850.00	$0.00	200.00	50	ELECTRICIDAD
14008	CABLE UNIPOLAR FLEXIBLE CU PVC 1X1,5 MM2 ROJO 750V METRO AWE	$403.00	$810.00	$0.00	100.00	40	ELECTRICIDAD
14009	CABLE UNIPOLAR FLEXIBLE CU PVC 1X1,5 MM2 V/A 750V METRO AWE	$403.00	$810.00	$0.00	100.00	40	ELECTRICIDAD
14000	CABLE UNIPOLAR FLEXIBLE CU PVC 1X1,5MM2 CELESTE 750V METRO AWE	$403.00	$800.00	$0.00	200.00	30	ELECTRICIDAD
14011	CABLE UNIPOLAR FLEXIBLE CU PVC 1X2,5 MM2 CELESTE 750V METRO AWE	$650.00	$1300.00	$0.00	200.00	40	ELECTRICIDAD
14010	CABLE UNIPOLAR FLEXIBLE CU PVC 1X2,5 MM2 CELESTE 750V METRO AWE	$650.00	$1300.00	$0.00	200.00	50	ELECTRICIDAD
14012	CABLE UNIPOLAR FLEXIBLE CU PVC 1X2,5 MM2 MARRON 750V METRO AWE	$650.00	$1300.00	$0.00	200.00	40	ELECTRICIDAD
14013	CABLE UNIPOLAR FLEXIBLE CU PVC 1X2,5MM2 ROJO 750V METRO AWE	$650.00	$1300.00	$0.00	100.00	40	ELECTRICIDAD
14014	CABLE UNIPOLAR FLEXIBLE CU PVC 1X2,5MM2 V/A 750V METRO	$650.00	$1300.00	$0.00	100.00	40	ELECTRICIDAD
12013	CASCOS DE SEGURIDAD SAYLENS	$6400.00	$12800.00	$0.00	10.00	4	SEGURIDAD
8	CEPILLO BRONCEADO F116A CABO ROJO	$4070.00	$8140.00	$0.00	2.00	1	- Sin Departamento -
12002	CHALECO REFLECTIVO ECONOMICO	$1900.00	$3800.00	$0.00	20.00	5	SEGURIDAD
14016	CINTA AISLADORA PVC NEGRA 19MM X 20 MTS TACSA	$1200.00	$2400.00	$0.00	100.00	40	ELECTRICIDAD
48	CINTA DE PAPEL ENMASCARAR 18MM MOTA	$1800.00	$3600.00	$0.00	24.00	5	- Sin Departamento -
49	CINTA DE PAPEL ENMASCARAR 36MM CP4036 MOTA	$3500.00	$7000.00	$0.00	24.00	3	- Sin Departamento -
12001	CINTA DEMARCATORIA X ROLLO 200 MTS	$4545.00	$9000.00	$0.00	6.00	3	SEGURIDAD
40002	CUCHARA DE ALBAÑIL SOLDADA 8 HH108	$6700.00	$13400.00	$0.00	5.00	1	ALBAÑIL
11	CUTTER PLASTICO HOJA 9MM TR C109	$3900.00	$7800.00	$0.00	6.00	1	- Sin Departamento -
12010	DELANTAL SOLDADOR CUERO AMARILLO	$12300.00	$24600.00	$0.00	3.00	2	SEGURIDAD
2017	DESTORNILLADOR AISLADO RECTO 4MM DIR4	$4900.00	$9800.00	$0.00	1.00	0.000	HERRAMIENTAS
2018	DESTORNILLADOR AISLADO RECTO 6MM DIR6	$6600.00	$13200.00	$0.00	5.00	1	HERRAMIENTAS
2019	DESTORNILLADOR PHILLIPS 2X300	$6200.00	$12400.00	$0.00	3.00	1	HERRAMIENTAS
2020	DESTORNILLADOR PHILLIPS 3X150	$5800.00	$11600.00	$0.00	2.00	1	HERRAMIENTAS
22	DISCO CARBURO DE TUNGSTENO P/ MADERA 230MM RAPTOR	$30800.00	$59500.00	$0.00	2.00	1	- Sin Departamento -
23	DISCO DE CORTE 115 X 1 MM RAPTOR	$625.00	$650.00	$0.00	50.00	5	- Sin Departamento -
20	DISCO DE CORTE 115X 6 DESBASTE RAPTOR	$8700.00	$3400.00	$0.00	10.00	2	- Sin Departamento -
19	DISCO DIAMANTADO LISO 115 MM SW115 CONTINUO 4 1/2	$7300.00	$14600.00	$0.00	5.00	1	- Sin Departamento -
18	DISCO DIAMANTADO MULTITURBO DE SL 115 4 1/2	$5600.00	$11200.00	$0.00	6.00	1	- Sin Departamento -
21	DISCO DIAMANTADO TURBO 115 MM X 8 MM RAPTOR	$18900.00	$9400.00	$9000.00	4.00	1	- Sin Departamento -
2029	ENGRAMPADORA CLAVADORA METALICA MOTA GE32	$42100.00	$58800.00	$0.00	2.00	1	HERRAMIENTAS
60	ESPATULA ACERO INOX 1 1/2 HE15	$3750.00	$7500.00	$0.00	3.00	1	- Sin Departamento -
10000	ESPATULA ACERO INOX 6 HE60	$6180.00	$12360.00	$0.00	4.00	2	PINTURERIA
64	ESPUMA PU 1/300 - 520806	$15349.00	$30500.00	$0.00	5.00	2	- Sin Departamento -
8011	GANCHO PARA TEJIDO 5/16 X 150	$793.00	$1400.00	$0.00	200.00	100	BULONERIA
8012	GANCHO PARA TEJIDO 5/16 X 200	$925.00	$1700.00	$0.00	100.00	50	BULONERIA
29	GRAMPAS N° DE 6 MM X MIL UNIDADES GG306 (MOTA)	$3300.00	$6600.00	$0.00	10.00	3	- Sin Departamento -
36	GRAMPAS N° DE 8MM X 1000 UNIDADES GG308	$3800.00	$7600.00	$0.00	7.00	2	- Sin Departamento -
37	GRAMPAS N°3 12MM X 1000 UNIDADES GG312	$4900.00	$9800.00	$9500.00	22.00	5	- Sin Departamento -
12007	GUANTE NEGRO POLIESTER PU DP	$909.00	$1800.00	$0.00	108.00	40	SEGURIDAD
12008	GUANTE NITRILO	$3300.00	$6600.00	$0.00	5.00	3	SEGURIDAD
12009	GUANTE VAGUETA P/C CANOR	$4800.00	$9600.00	$0.00	30.00	10	SEGURIDAD
12003	GUANTES MOTEADOS	$750.00	$1500.00	$0.00	100.00	30	SEGURIDAD
12011	GUANTES NITRILO DESCARTABLES	$165.00	$350.00	$0.00	100.00	40	SEGURIDAD
62	HACHA LEÑADORA 4.5 LB CABO FIBRA 90 CM MHT	$69630.00	$145000.00	$0.00	1.00	0.000	- Sin Departamento -
63	HACHITA TIPO AUSTRIACA PULIDA MHF MOTA	$25620.00	$51000.00	$0.00	1.00	0.000	- Sin Departamento -
7	HOJA DE SIERRA BIMETALICA 12 32 DIENTES	$32580.00	$32580.00	$0.00	1.00	0.000	- Sin Departamento -
14005	INTERRUPTOR DIFERENCIAL 2X25 30MA SICA	$24374.00	$48746.00	$0.00	3.00	2	ELECTRICIDAD
14006	INTERRUPTOR DIFERENCIAL 2X40A 30MA - SICA	$26437.00	$52800.00	$0.00	3.00	2	ELECTRICIDAD
14001	INTERRUPTOR TERMOMAGNECTICO 1X15A CURVA C 3KA/4,5KA SICA	$2642.00	$5300.00	$0.00	5.00	3	ELECTRICIDAD
14002	INTERRUPTOR TERMOMAGNETICO 1X10A CURVA 3KA/4,5 SICA	$2540.00	$6100.00	$0.00	5.00	2	ELECTRICIDAD
14003	INTERRUPTOR TERMOMAGNETICO 1X20A CURVA C 3KA/4,5KA SICA	$2640.00	$5300.00	$0.00	5.00	3	ELECTRICIDAD
14004	INTERRUPTOR TERMOMAGNETICO 1X25A CURVA C 3KA/4,5KA SICA	$2642.00	$5300.00	$0.00	5.00	3	ELECTRICIDAD
2021	JUEGO 6 DETORNILLADORES PRECISION	$18600.00	$37200.00	$0.00	3.00	1	HERRAMIENTAS
24	JUEGO DE PUNTAS TORX 1/4 X 50MM	$8630.00	$17260.00	$0.00	3.00	1	- Sin Departamento -
2022	JUEGOS DE DESTORNILLADORES DJ3P 3 PLANOS	$10470.00	$20900.00	$0.00	3.00	1	HERRAMIENTAS
51	LAPIZ CARPINTERO DE 180MM LP18 MOTA	$739.00	$1470.00	$0.00	50.00	5	- Sin Departamento -
55	LIJA AL AGUA (I) 280 GR AX3280	$700.00	$1400.00	$1350.00	100.00	20	- Sin Departamento -
56	LIJA AL AGUA (J) 320 AX3320	$700.00	$1400.00	$1350.00	75.00	20	- Sin Departamento -
44	LIJA TELA ESMERIL (E) 80GR AX2080	$1105.00	$2200.00	$0.00	50.00	5	- Sin Departamento -
45	LIJA TELA ESMERIL (F) 100 GR AX2100	$1105.00	$2100.00	$0.00	50.00	10	- Sin Departamento -
46	LIJA TELA ESMERIL (L)280GR AX2280	$1105.00	$2100.00	$0.00	50.00	5	- Sin Departamento -
47	LIJA TELA ESMERIL (M) 320GR AX2320	$1105.00	$2100.00	$0.00	100.00	10	- Sin Departamento -
52	LIMPIA CONTACTOS 216 ML LC02	$7700.00	$15400.00	$0.00	12.00	2	- Sin Departamento -
41	LLANA DENTADA 6X6 MOTA HLD06 DE 280X120MM	$15500.00	$31000.00	$0.00	3.00	1	- Sin Departamento -
42	LLANA DENTADA 8X8 MOTA HLDO8 280X120MM	$15500.00	$31000.00	$0.00	3.00	1	- Sin Departamento -
2028	LLAVE AJUSTABLE LLC12 - LLP12	$38040.00	$68.04	$0.00	3.00	1	HERRAMIENTAS
2027	LLAVE AJUSTABLE LLCO6	$13830.00	$27660.00	$0.00	5.00	2	HERRAMIENTAS
2000	LLAVE COMBINADA DE 10MM	$5200.00	$10300.00	$0.00	1.00	0.000	HERRAMIENTAS
2001	LLAVE COMBINADA DE 12 MM	$6100.00	$12200.00	$0.00	3.00	1	HERRAMIENTAS
2002	LLAVE COMBINADA DE 13 MM	$6600.00	$13200.00	$0.00	3.00	1	HERRAMIENTAS
2003	LLAVE COMBINADA DE 16MM	$8500.00	$16700.00	$0.00	1.00	0.000	HERRAMIENTAS
2004	LLAVE COMBINADA DE 19MM	$10200.00	$20350.00	$0.00	3.00	1	HERRAMIENTAS
2005	LLAVE COMBINADA ES10 3/8	$5625.00	$11250.00	$0.00	3.00	1	HERRAMIENTAS
2006	LLAVE COMBINADA ES11 7/16	$6825.00	$13600.00	$0.00	3.00	1	HERRAMIENTAS
2007	LLAVE COMBINADA ES13 1/2	$6900.00	$13800.00	$0.00	3.00	1	HERRAMIENTAS
2008	LLAVE COMBINADA ES16 5/8	$9050.00	$18100.00	$0.00	2.00	1	HERRAMIENTAS
2009	LLAVE COMBINADA ESO6 1/4	$4800.00	$9600.00	$0.00	3.00	1	HERRAMIENTAS
2010	LLAVE COMBINADA ESO8 5/16	$4870.00	$9740.00	$0.00	3.00	1	HERRAMIENTAS
2011	LLAVE COMBINADAS DE 9MM	$4900.00	$9800.00	$0.00	3.00	1	HERRAMIENTAS
2012	LLAVE COMBINADFA DE 11 MM	$5900.00	$11800.00	$0.00	5.00	2	HERRAMIENTAS
12014	MAMELUCO DESCARTABLES 47 GR	$4200.00	$8400.00	$0.00	15.00	5	SEGURIDAD
6000	MANGUERA CRISTAL 3/4 X METRO	$36700.00	$3000.00	$0.00	75.00	10	MANGUERAS
6001	MANGUERA TRENZADA 3/4 X 25 10 BAR	$58740.00	$117485.00	$0.00	2.00	1	MANGUERAS
2024	MAZA ALBAÑIL FORJADA 1500 GR 15F	$24290.00	$48580.00	$0.00	3.00	1	HERRAMIENTAS
2026	MAZA DE GOMA 700GR CABO DE FIBRA MG07	$18500.00	$37000.00	$0.00	2.00	1	HERRAMIENTAS
2025	MAZA DE GOMA 500GR CABO DE FIBRA MG05	$13340.00	$26680.00	$0.00	1.00	0.000	HERRAMIENTAS
26	MECHA DE WIDIA WHS 6 - 614606	$3080.00	$6100.00	$0.00	15.00	3	- Sin Departamento -
28	MECHA DE WIDIA WHS 8 - 614608	$4300.00	$8600.00	$0.00	15.00	5	- Sin Departamento -
2031	MINI PINZA C.V. 1/2 CAÑA 130 MM Q703	$10280.00	$20400.00	$0.00	1.00	0.000	HERRAMIENTAS
57	PAPEL DE LIJA (C) 60 GR AX046 MADERA, PINTURA MASILLA	$480.00	$970.00	$0.00	75.00	20	- Sin Departamento -
59	PAPEL DE LIJA (E) 100 GR AX031 MADERA, PINTURA MASILLA	$480.00	$1000.00	$970.00	75.00	20	- Sin Departamento -
58	PAPEL DE LIJA (G) 150 GR AX025 MADERA, PINTURA MASILLA	$440.00	$900.00	$880.00	75.00	20	- Sin Departamento -
10002	PINCELES VIROLA 1 N° 10 GORYL AZUL	$2228.00	$4500.00	$0.00	36.00	10	PINTURERIA
10004	PINCELES VIROLA 1 N° 20 GORYL AZUL	$3555.00	$6900.00	$0.00	30.00	5	PINTURERIA
10003	PINCELES VIROLA 1 N°15 GORYL AZUL	$3932.00	$7800.00	$0.00	30.00	5	PINTURERIA
10005	PINCELES VIROLA 1 N°25 GORYL AZUL	$4980.00	$9960.00	$0.00	24.00	5	PINTURERIA
10006	PINCELES VIROLA 1 N°30 GORYL AZUL	$5900.00	$11800.00	$0.00	19.00	5	PINTURERIA
10001	PINCELES VIROLA 1 N°7 GORYL AZUL	$2100.00	$4200.00	$0.00	24.00	10	PINTURERIA
10007	PINCELES VIROLA 2 N° 10 BLANCO	$3600.00	$7200.00	$0.00	24.00	5	PINTURERIA
10008	PINCELES VIROLA 2 N°15 BLANCO	$5300.00	$10600.00	$0.00	18.00	5	PINTURERIA
10009	PINCELES VIROLA 2 N°20 BLANCO	$6700.00	$13400.00	$0.00	12.00	5	PINTURERIA
10010	PINCELES VIROLA 2 N°25 BLANCO	$8900.00	$17800.00	$0.00	12.00	5	PINTURERIA
10011	PINCELES VIROLA 2 N°30 BLANCO	$10800.00	$21600.00	$0.00	13.00	5	PINTURERIA
10012	PINCELETA VIROLA 4 N°40	$7450.00	$14900.00	$0.00	12.00	5	PINTURERIA
39	PIQUETA DE SOLDAR 300 GR CABO MS30	$12350.00	$24700.00	$0.00	2.00	1	- Sin Departamento -
50	PRECINTO BLANCO 4.8 X 300 MM	$85.00	$200.00	$170.00	300.00	100	- Sin Departamento -
53	PRECINTO NEGRO 4.8 X 200MM	$60.00	$150.00	$120.00	600.00	100	- Sin Departamento -
54	PRECINTO NEGRO 4.8 X 250 MM	$70.00	$150.00	$140.00	600.00	100	- Sin Departamento -
12005	PROTECTOR AUDITIVO (TAPON)	$750.00	$1500.00	$0.00	100.00	40	SEGURIDAD
12006	PROTECTOR AUDITIVO COPA	$9920.00	$19800.00	$0.00	10.00	4	SEGURIDAD
8013	REMACHE TUBULAR LINEA FRENOS ACERO C - PLANA 4 X 20 ZINCADO DORADO	$11.00	$22.00	$0.00	1000.00	100	BULONERIA
10013	RODILLO ANTIGOTA N°17	$8300.00	$16600.00	$0.00	24.00	5	PINTURERIA
10014	RODILLO ANTIGOTA N°22	$9350.00	$18700.00	$0.00	24.00	5	PINTURERIA
10015	RODILLO ARTE FOAM N°07	$4200.00	$8400.00	$0.00	23.00	5	PINTURERIA
10016	RODILLO ARTE FOAM N°11	$5300.00	$10300.00	$0.00	30.00	5	PINTURERIA
10017	RODILLO ARTE FOAM N°16	$6700.00	$13400.00	$0.00	8.00	4	PINTURERIA
10018	RODILLO ELEFANTE N° 22 LANA DORADA	$14500.00	$28400.00	$0.00	44.00	10	PINTURERIA
9	RULETA CINTA METRICA CLASSIC C/FRENO 5MTROS X 19MM	$19890.00	$39780.00	$0.00	4.00	1	- Sin Departamento -
4	Ruleta Cinta Metrica Premiun C/ Freno 5 Mtros	$23308.00	$46600.00	$0.00	6.00	1	- Sin Departamento -
32	SELLADOR ACRILICO PREMIUN 545072	$9200.00	$18300.00	$0.00	5.00	2	- Sin Departamento -
4000	SEPARADOR CRUZ 1.5 MM BOLSA X 250 UNIDADES	$3700.00	$7400.00	$0.00	5.00	2	ALBAÑIL
4001	SEPARADOR CRUZ 5.5 MM BOLSA X 150 UNIDADES	$4750.00	$9400.00	$0.00	2.00	1	ALBAÑIL
35	SILICONA ACETICA MINIT TRANSPARENTE 100 ML 630615	$6300.00	$12600.00	$0.00	6.00	2	- Sin Departamento -
33	SILICONA NEUTRA 260ML 600692 NEGRA NUEVO PACK	$9900.00	$19700.00	$0.00	5.00	2	- Sin Departamento -
8030	TACO GKA S AUTO - ROSCANTE + TORNILLO 608526	$239.00	$480.00	$0.00	250.00	70	BULONERIA
8029	TACO GKS + TORNILLO 608525	$340.00	$680.00	$0.00	250.00	70	BULONERIA
43	TANZA TIRA LINEA CHOCLA	$18170.00	$36340.00	$0.00	3.00	1	- Sin Departamento -
8005	TARUGO DE NYLON S 14 608984	$270.00	$540.00	$0.00	200.00	70	BULONERIA
8032	TARUGO S 10 608010	$102.00	$200.00	$0.00	100.00	30	BULONERIA
8033	TARUGO S 6 608006	$37.00	$70.00	$0.00	200.00	70	BULONERIA
8031	TARUGO S 8 608008	$50.00	$100.00	$0.00	200.00	70	BULONERIA
8004	TARUGO SA 10 CON ARANDELA 608210	$122.00	$300.00	$0.00	500.00	200	BULONERIA
8003	TARUGO SA 12 CON ARANDELA 608242	$183.00	$360.00	$0.00	500.00	100	BULONERIA
8002	TARUGO SA CON ARANDELA 608236	$23.00	$70.00	$0.00	3000.00	300	BULONERIA
8000	TARUGOS N° 5	$11.00	$50.00	$0.00	3000.00	300	BULONERIA
8001	TARUGOS TRES CORTES N° 10 TC10G	$105.00	$300.00	$0.00	1500.00	500	BULONERIA
2023	TENASA ARMADOR DE 12 CORTE ENTERO TA230	$27180.00	$47500.00	$0.00	3.00	1	HERRAMIENTAS
8010	TIRAFONDO (D) 3/16 X 1.3/4	$55.00	$110.00	$0.00	300.00	100	BULONERIA
8008	TIRAFONDO ZINCADO (B) 3/16 X 1.1/4	$50.00	$100.00	$0.00	300.00	100	BULONERIA
8009	TIRAFONDO ZINCADO (C) 3/16 X 1.1/2	$52.00	$104.00	$0.00	300.00	100	BULONERIA
8018	VARILLA ROSCADA ZINCADA (B) 3/16	$1037.00	$2050.00	$0.00	10.00	5	BULONERIA
8014	VARILLA ROSCADA ZINCADA (C) 1/4	$1049.00	$2100.00	$0.00	30.00	5	BULONERIA
8015	VARILLA ROSCADA ZINCADA (D) 5/16	$1650.00	$3300.00	$0.00	20.00	3	BULONERIA
8016	VARILLA ROSCADA ZINCADA (E) 3/8	$2335.00	$4700.00	$0.00	20.00	5	BULONERIA
8019	VARILLA ROSCADA ZINCADA (F) 7/16	$3510.00	$8200.00	$0.00	15.00	5	BULONERIA
8017	VARILLA ROSCADA ZINCADA (G) 1/2	$4950.00	$9900.00	$0.00	15.00	5	BULONERIA
8024	VARILLA ROSCADA ZINCADA (H) X 9/16	$5700.00	$11400.00	$0.00	10.00	4	BULONERIA
8022	VARILLA ROSCADA ZINCADA (I) X 5/8	$7175.00	$14200.00	$0.00	10.00	3	BULONERIA
8021	VARILLA ROSCADA ZINCADA (J) X 3/4	$10470.00	$20940.00	$0.00	10.00	3	BULONERIA
8023	VARILLA ROSCADA ZINCADA (K) 7/8	$17550.00	$35100.00	$0.00	5.00	2	BULONERIA
8020	VARILLA ROSCADA ZINCADA (L) X1	$23237.00	$46400.00	$0.00	6.00	2	BULONERIA
